t,P,Q
0,5.19207E-05,-1.36605E-05
0.1,5.39791E-05,-1.3409E-05
0.2,5.61164E-05,-1.56833E-05
0.3,5.74517E-05,-1.41019E-05
0.4,5.72228E-05,-1.58095E-05
0.5,5.6664E-05,-1.5545E-05
0.6,5.47606E-05,-1.67391E-05
0.7,5.51262E-05,-1.6441E-05
0.8,5.2595E-05,-1.7224E-05
0.9,4.86743E-05,-1.68393E-05
1,4.62933E-05,-1.80898E-05
1.1,4.20601E-05,-1.77764E-05
1.2,3.71024E-05,-1.85438E-05
1.3,3.16141E-05,-1.91102E-05
1.4,2.74614E-05,-1.87592E-05
1.5,2.0213E-05,-1.86769E-05
1.6,1.72055E-05,-1.85849E-05
1.7,1.49773E-05,-1.77745E-05
1.8,1.4322E-05,-1.76371E-05
1.9,1.68559E-05,-1.62347E-05
2,2.0929E-05,-1.54668E-05
2.1,2.4593E-05,-1.45297E-05
2.2,2.83861E-05,-1.41581E-05
2.3,3.27553E-05,-1.31878E-05
2.4,3.51407E-05,-1.32291E-05
2.5,3.91792E-05,-1.37548E-05
2.6,4.2746E-05,-1.27746E-05
2.7,4.59076E-05,-1.26962E-05
2.8,4.73861E-05,-1.33156E-05
2.9,5.14987E-05,-1.38975E-05
3,6.7843E-05,-0.001397985
3.1,6.48494E-05,-0.001402
3.2,6.4367E-05,-0.001396715
3.3,6.63913E-05,-0.001388792
3.4,6.88945E-05,-0.001375368
3.5,6.98543E-05,-0.001375144
3.6,7.59029E-05,-0.001375454
3.7,7.11893E-05,-0.001373513
3.8,6.59253E-05,-0.001368847
3.9,7.52275E-05,-0.001379984
4,7.22523E-05,-0.001381758
4.1,6.39287E-05,-0.001386614
4.2,5.46088E-05,-0.001394617
4.3,5.08634E-05,-0.001394664
4.4,4.17457E-05,-0.001386545
4.5,3.36924E-05,-0.001381269
4.6,3.08384E-05,-0.001379312
4.7,2.66941E-05,-0.001384991
4.8,3.68814E-05,-0.001391168
4.9,4.07926E-05,-0.001385207
5,4.17591E-05,-0.001379314
5.1,4.87139E-05,-0.001381182
5.2,5.54155E-05,-0.001378737
5.3,5.16727E-05,-0.001375294
5.4,5.85248E-05,-0.001369533
5.5,5.97358E-05,-0.001367438
5.6,5.95671E-05,-0.001374437
5.7,5.9159E-05,-0.001384477
5.8,6.178E-05,-0.001387925
5.9,6.08944E-05,-0.001397064
6,6.53985E-05,-0.001397741
6.1,6.61902E-05,-0.001395934
6.2,6.5468E-05,-0.001392739
6.3,6.49854E-05,-0.001385155
6.4,6.52779E-05,-0.001378307
6.5,6.99328E-05,-0.001369732
6.6,7.00077E-05,-0.001365924
6.7,6.64623E-05,-0.001363341
6.8,6.67259E-05,-0.001370113
6.9,6.29472E-05,-0.001386384
7,6.08437E-05,-0.00139215
7.1,5.27903E-05,-0.001385074
7.2,5.10831E-05,-0.001385987
7.3,4.53605E-05,-0.001397424
7.4,3.89369E-05,-0.001391758
7.5,3.56791E-05,-0.001385919
7.6,3.48592E-05,-0.001380474
7.7,3.2365E-05,-0.001385144
7.8,3.28091E-05,-0.001391568
7.9,3.39808E-05,-0.001383246
8,3.97117E-05,-0.00138592
8.1,4.20417E-05,-0.001380536
8.2,5.02527E-05,-0.001379737
8.3,5.27473E-05,-0.001388844
8.4,5.33185E-05,-0.001375779
8.5,5.16286E-05,-0.001371072
8.6,5.4086E-05,-0.00137184
8.7,5.19399E-05,-0.001358867
8.8,5.78937E-05,-0.001370277
8.9,5.79511E-05,-0.001374698
9,5.93537E-05,-0.001377353
9.1,6.29949E-05,-0.001385313
9.2,6.0041E-05,-0.00138732
9.3,6.55362E-05,-0.001399318
9.4,6.76606E-05,-0.001403379
9.5,6.66858E-05,-0.001392964
9.6,6.85499E-05,-0.001394467
9.7,6.53226E-05,-0.001390058
9.8,6.35085E-05,-0.001386214
9.9,6.74821E-05,-0.001379538
10,6.69643E-05,-0.001375365
10.1,7.17005E-05,-0.001371895
10.2,6.8712E-05,-0.001368388
10.3,7.20109E-05,-0.001371567
10.4,6.97038E-05,-0.001374334
10.5,6.4642E-05,-0.001394257
10.6,6.03194E-05,-0.001384481
10.7,5.71923E-05,-0.001390609
10.8,5.5317E-05,-0.001400192
10.9,4.30011E-05,-0.001396703
11,3.69077E-05,-0.001382797
11.1,3.72127E-05,-0.001387079
11.2,3.62541E-05,-0.001387565
11.3,3.50302E-05,-0.001382414
11.4,3.46214E-05,-0.001377943
11.5,3.44011E-05,-0.00138048
11.6,4.15326E-05,-0.001388825
11.7,4.39101E-05,-0.001385075
11.8,4.79685E-05,-0.001380055
11.9,4.74708E-05,-0.001378892
12,5.55054E-05,-0.001374898
12.1,5.34501E-05,-0.001365057
12.2,5.5998E-05,-0.001367368
12.3,5.45373E-05,-0.001363814
12.4,5.64419E-05,-0.001373384
12.5,6.03489E-05,-0.001375821
12.6,6.16596E-05,-0.001389306
12.7,5.74198E-05,-0.001395014
12.8,6.59524E-05,-0.001398239
12.9,6.90277E-05,-0.001399333
13,6.2689E-05,-0.001396513
13.1,6.93374E-05,-0.001391675
13.2,6.45441E-05,-0.001392186
13.3,6.77632E-05,-0.001385658
13.4,6.6193E-05,-0.001372552
13.5,6.36561E-05,-0.001376056
13.6,7.31199E-05,-0.001373204
13.7,7.0356E-05,-0.001368297
13.8,7.93062E-05,-0.001381091
13.9,7.70512E-05,-0.001376499
14,7.57034E-05,-0.001377881
14.1,7.31231E-05,-0.001392062
14.2,6.3378E-05,-0.001387543
14.3,5.25759E-05,-0.001385572
14.4,4.45244E-05,-0.00139081
14.5,4.27403E-05,-0.001394741
14.6,3.62092E-05,-0.001383532
14.7,3.89901E-05,-0.001377331
14.8,3.33711E-05,-0.001382128
14.9,4.04057E-05,-0.001385798
15,4.10966E-05,-0.001375523
15.1,4.22198E-05,-0.001374401
15.2,4.73238E-05,-0.001381544
15.3,5.1586E-05,-0.001373044
15.4,5.32468E-05,-0.001370381
15.5,5.53215E-05,-0.001369421
15.6,5.5854E-05,-0.00136944
15.7,5.77034E-05,-0.001373956
15.8,6.05923E-05,-0.001376753
15.9,6.23286E-05,-0.001384818
16,6.37803E-05,-0.001394752
16.1,6.35768E-05,-0.001390379
16.2,6.80276E-05,-0.001397806
16.3,7.00233E-05,-0.001398682
16.4,5.94904E-05,-0.001399492
16.5,6.94162E-05,-0.001395377
16.6,7.03163E-05,-0.00138071
16.7,6.94364E-05,-0.001377524
16.8,6.87801E-05,-0.00136527
16.9,7.22623E-05,-0.001370966
17,7.48864E-05,-0.001369142
17.1,7.48471E-05,-0.001365301
17.2,7.72913E-05,-0.001371383
17.3,7.61174E-05,-0.001388268
17.4,7.48939E-05,-0.001382111
17.5,6.38876E-05,-0.001383182
17.6,6.51101E-05,-0.001390483
17.7,5.76524E-05,-0.001385932
17.8,5.38002E-05,-0.001381047
17.9,4.54712E-05,-0.001385723
18,4.13026E-05,-0.001380504
18.1,3.50496E-05,-0.001380885
18.2,3.8693E-05,-0.00138609
18.3,3.55071E-05,-0.0013795
18.4,3.49802E-05,-0.001376628
18.5,3.96811E-05,-0.001388743
18.6,4.22182E-05,-0.001377211
18.7,4.4485E-05,-0.001381367
18.8,4.60226E-05,-0.00138393
18.9,4.82452E-05,-0.001376889
19,4.99399E-05,-0.001382009
19.1,5.182E-05,-0.00137824
19.2,5.48147E-05,-0.001371887
19.3,5.65551E-05,-0.001374338
19.4,5.67295E-05,-0.001371632
19.5,5.75941E-05,-0.001373616
19.6,5.99267E-05,-0.001380166
19.7,6.2765E-05,-0.001380394
19.8,6.04074E-05,-0.00138549
19.9,6.92454E-05,-0.001397111
20,6.84116E-05,-0.001396133
20.1,6.7844E-05,-0.001402054
20.2,6.97653E-05,-0.001391055
20.3,7.01128E-05,-0.001391039
20.4,6.67343E-05,-0.001384203
20.5,6.89962E-05,-0.001378506
20.6,7.6233E-05,-0.0013723
20.7,7.09544E-05,-0.001369625
20.8,7.25186E-05,-0.0013633
20.9,7.20099E-05,-0.001374842
21,7.62675E-05,-0.001378416
21.1,7.30926E-05,-0.00138099
21.2,6.83607E-05,-0.001390626
21.3,6.39582E-05,-0.001396766
21.4,5.56099E-05,-0.001391329
21.5,4.89522E-05,-0.00138811
21.6,4.91304E-05,-0.001387662
21.7,4.22135E-05,-0.001385043
21.8,3.70346E-05,-0.001380466
21.9,3.78783E-05,-0.00138306
22,3.70672E-05,-0.001389108
22.1,3.50217E-05,-0.00138472
22.2,3.81098E-05,-0.001383919
22.3,3.86642E-05,-0.001380146
22.4,4.25322E-05,-0.001380655
22.5,4.72626E-05,-0.001391274
22.6,4.7355E-05,-0.00137644
22.7,4.48828E-05,-0.00137792
22.8,5.26026E-05,-0.00138307
22.9,4.20801E-05,-0.00137224
23,5.361E-05,-0.001375997
23.1,5.32763E-05,-0.001367261
23.2,5.71738E-05,-0.001375359
23.3,5.93312E-05,-0.001375399
23.4,5.48754E-05,-0.001378254
23.5,5.57193E-05,-0.001376255
23.6,6.1351E-05,-0.001381148
23.7,6.43403E-05,-0.001391995
23.8,6.21616E-05,-0.001389219
23.9,6.4271E-05,-0.001396923
24,6.33317E-05,-0.001399471
24.1,6.49733E-05,-0.001403544
24.2,6.94121E-05,-0.001392693
24.3,6.87082E-05,-0.001405526
24.4,6.89894E-05,-0.001396756
24.5,6.42701E-05,-0.001398428
24.6,6.52976E-05,-0.001386937
24.7,5.99164E-05,-0.001389827
24.8,6.21326E-05,-0.001383345
24.9,6.45817E-05,-0.001380364
25,6.45429E-05,-0.001376247
25.1,6.76442E-05,-0.001369936
25.2,7.10783E-05,-0.001373217
25.3,6.93881E-05,-0.001365989
25.4,7.11057E-05,-0.001368365
25.5,7.14374E-05,-0.001364653
25.6,7.5452E-05,-0.001365823
25.7,7.17881E-05,-0.001374534
25.8,7.26746E-05,-0.001371764
25.9,7.42271E-05,-0.001377475
26,6.84631E-05,-0.001376535
26.1,7.43825E-05,-0.001377758
26.2,7.73173E-05,-0.001381475
26.3,7.21282E-05,-0.00137949
26.4,6.8669E-05,-0.001396947
26.5,6.64364E-05,-0.001382352
26.6,6.62225E-05,-0.001397996
26.7,5.88435E-05,-0.001386496
26.8,6.04174E-05,-0.001401077
26.9,5.5317E-05,-0.00138578
27,5.57161E-05,-0.001401385
27.1,5.08552E-05,-0.00139166
27.2,4.80823E-05,-0.001398342
27.3,4.57399E-05,-0.001389902
27.4,4.41303E-05,-0.00139011
27.5,4.03779E-05,-0.001389292
27.6,3.97437E-05,-0.001381564
27.7,3.54088E-05,-0.001387337
27.8,3.6784E-05,-0.001385933
27.9,3.37242E-05,-0.001383529
28,3.58471E-05,-0.001392336
28.1,3.23517E-05,-0.001382515
28.2,3.50265E-05,-0.001387653
28.3,4.14638E-05,-0.001381372
28.4,4.64788E-05,-0.001388816
28.5,4.55685E-05,-0.001383839
28.6,4.47555E-05,-0.001379526
28.7,4.19232E-05,-0.001393006
28.8,5.26085E-05,-0.001372892
28.9,5.02456E-05,-0.001380569
29,4.9881E-05,-0.001375823
29.1,5.94648E-05,-0.001373403
29.2,5.01349E-05,-0.001367237
29.3,6.17339E-05,-0.001368459
29.4,5.68617E-05,-0.001373555
29.5,5.76773E-05,-0.001374581
29.6,5.8019E-05,-0.001373897
29.7,5.95142E-05,-0.001378095
29.8,6.2579E-05,-0.001390627
29.9,6.50607E-05,-0.001389049
30,6.16076E-05,-0.001397888
30.1,6.48848E-05,-0.001401955
30.2,6.11479E-05,-0.001400412
30.3,6.64714E-05,-0.001403989
30.4,6.80787E-05,-0.001397111
30.5,6.77454E-05,-0.001397326
30.6,7.05981E-05,-0.001395802
30.7,7.12268E-05,-0.001397266
30.8,6.54327E-05,-0.001396357
30.9,7.28293E-05,-0.001386164
31,6.97876E-05,-0.001387923
31.1,7.19377E-05,-0.001377798
31.2,6.90738E-05,-0.001372955
31.3,7.09023E-05,-0.001373822
31.4,6.75019E-05,-0.001364063
31.5,6.8507E-05,-0.001370123
31.6,7.00517E-05,-0.001361709
31.7,6.48E-05,-0.001361899
31.8,7.39003E-05,-0.001368168
31.9,7.21285E-05,-0.001364626
32,7.30709E-05,-0.001378057
32.1,7.22049E-05,-0.001377075
32.2,7.42735E-05,-0.001389331
32.3,7.2792E-05,-0.00137744
32.4,7.09249E-05,-0.001383336
32.5,6.03404E-05,-0.0013872
32.6,6.36847E-05,-0.001397784
32.7,5.83567E-05,-0.001388921
32.8,5.86482E-05,-0.001399064
32.9,5.68919E-05,-0.00138202
33,4.7861E-05,-0.001397506
33.1,4.16972E-05,-0.001379769
33.2,4.05599E-05,-0.001392374
33.3,3.58195E-05,-0.00137768
33.4,3.03801E-05,-0.001386502
33.5,3.39302E-05,-0.001379492
33.6,3.31766E-05,-0.001384633
33.7,3.02867E-05,-0.001389552
33.8,2.98954E-05,-0.001383189
33.9,3.04369E-05,-0.001391672
34,2.85697E-05,-0.001388038
34.1,2.9754E-05,-0.001384587
34.2,3.27844E-05,-0.001386217
34.3,3.95943E-05,-0.001386509
34.4,3.89993E-05,-0.001379831
34.5,4.27272E-05,-0.001388263
34.6,4.39647E-05,-0.001375763
34.7,4.28802E-05,-0.001391471
34.8,4.56535E-05,-0.001378161
34.9,4.57514E-05,-0.001384165
35,4.9987E-05,-0.001376409
35.1,5.31186E-05,-0.001377428
35.2,4.85806E-05,-0.001381437
35.3,5.49027E-05,-0.001373136
35.4,5.12479E-05,-0.001374775
35.5,5.49538E-05,-0.001372639
35.6,5.30207E-05,-0.001375554
35.7,5.57652E-05,-0.001372296
35.8,5.84271E-05,-0.001376384
35.9,5.59112E-05,-0.0013789
36,5.84552E-05,-0.001381748
36.1,5.57727E-05,-0.001380671
36.2,6.012E-05,-0.001392392
36.3,6.22543E-05,-0.00138486
36.4,6.34424E-05,-0.001399477
36.5,6.36151E-05,-0.001397134
36.6,6.4591E-05,-0.001402295
36.7,6.34258E-05,-0.001398527
36.8,6.57373E-05,-0.001399286
36.9,6.77303E-05,-0.001400913
37,6.51737E-05,-0.001388462
37.1,6.63858E-05,-0.001395183
37.2,6.39901E-05,-0.0013977
37.3,6.567E-05,-0.001390411
37.4,6.44761E-05,-0.001390193
37.5,6.65119E-05,-0.001381889
37.6,6.26097E-05,-0.001383064
37.7,6.36785E-05,-0.00137639
37.8,6.58073E-05,-0.001375962
37.9,7.12221E-05,-0.001375174
38,6.71103E-05,-0.00137376
38.1,7.02569E-05,-0.001374185
38.2,6.68947E-05,-0.001370988
38.3,7.25729E-05,-0.001376006
38.4,7.00025E-05,-0.001368614
38.5,6.90106E-05,-0.001370453
38.6,7.08032E-05,-0.001367264
38.7,6.99248E-05,-0.001368082
38.8,6.46322E-05,-0.001368848
38.9,6.55397E-05,-0.001368599
39,6.87443E-05,-0.001378709
39.1,6.43219E-05,-0.001376215
39.2,6.72621E-05,-0.001393614
39.3,6.92802E-05,-0.001379799
39.4,0.005096547,0.010468885
39.5,0.009353899,0.013841501
39.6,0.009093018,0.01358839
39.7,0.008740538,0.012477268
39.8,0.008040941,0.011327618
39.9,0.0074317,0.009440639
40,0.006489339,0.006973477
40.1,0.004005026,0.002085239
40.2,0.000705017,0.000283309
40.3,0.001020364,0.00017014
40.4,0.00083532,0.000189876
40.5,0.00107736,0.00014392
40.6,0.000834131,0.000186529
40.7,0.001073851,0.000149047
40.8,0.000835708,0.000178232
40.9,0.001075142,0.000142718
41,0.000845172,0.000207522
41.1,0.001081031,0.000134264
41.2,0.000825038,0.000190352
41.3,0.001047337,0.000156004
41.4,0.000859407,0.000187616
41.5,0.001035955,0.000152669
41.6,0.000895959,0.000205873
41.7,0.001005867,0.000140682
41.8,0.000915824,0.000193069
41.9,0.000969389,0.000150762
42,0.000949358,0.000181151
42.1,0.000935303,0.000171184
42.2,0.000999152,0.000176679
42.3,0.000895671,0.000168963
42.4,0.001011156,0.00017455
42.5,0.000870357,0.000175501
42.6,0.001034983,0.000148463
42.7,0.000858466,0.000198164
42.8,0.001066563,0.000142313
42.9,0.000825312,0.000179073
43,0.001065357,0.000147262
43.1,0.000820757,0.000177561
43.2,0.001068351,0.000136943
43.3,0.000829728,0.00019312
43.4,0.001070516,0.000132717
43.5,0.000821824,0.000193496
43.6,0.00103908,0.000135338
43.7,0.000853041,0.000189889
43.8,0.001025194,0.000144281
43.9,0.00087778,0.000201417
44,0.000986844,0.000145876
44.1,0.000891767,0.000185661
44.2,0.000947559,0.000164669
44.3,0.000928026,0.000175555
44.4,0.000919169,0.000170108
44.5,0.000992849,0.000214027
44.6,0.000882307,0.000172907
44.7,0.000993771,0.000178236
44.8,0.000859008,0.000201218
44.9,0.00102281,0.000165369
45,0.000817744,0.000206341
45.1,0.001016278,0.000171549
45.2,0.000782172,0.000192281
45.3,0.001023423,0.00015766
45.4,0.000792258,0.000203857
45.5,0.001033797,0.000150823
45.6,0.000811106,0.00021218
45.7,0.00104461,0.000153397
45.8,0.000796106,0.000197692
45.9,0.001022965,0.000155912
46,0.000826793,0.000209467
46.1,0.001004658,0.000152839
46.2,0.000856808,0.000216553
46.3,0.000983705,0.000166781
46.4,0.000874188,0.000199482
46.5,0.000948329,0.000155713
46.6,0.000912753,0.000185746
46.7,0.000919469,0.000170992
46.8,0.000958348,0.000183982
46.9,0.000881077,0.000155412
47,0.000973154,0.0001725
47.1,0.000856899,0.00017149
47.2,0.001010596,0.000153834
47.3,0.000839786,0.000186833
47.4,0.001040948,0.000170486
47.5,0.000816286,0.000172853
47.6,0.001043604,0.000144987
47.7,0.000806361,0.000194353
47.8,0.001055498,0.000139703
47.9,0.000820232,0.000196689
48,0.001057232,0.00015178
48.1,0.000809085,0.000184427
48.2,0.001045103,0.000149423
48.3,0.000826984,0.000206347
48.4,0.001037396,0.000146376
48.5,0.000863452,0.000211112
48.6,0.001014367,0.000141231
48.7,0.000872901,0.000189199
48.8,0.000978059,0.000161434
48.9,0.000909691,0.000188724
49,0.000955414,0.000155665
49.1,0.000960383,0.000188296
49.2,0.000918824,0.000172489
49.3,0.000975702,0.000161824
49.4,0.000894755,0.000174682
49.5,0.001010356,0.000174365
49.6,0.000920988,0.0001903
49.7,-0.002468996,0.000826106
49.8,-0.001876982,0.000563005
49.9,-0.00213839,0.000683104
50,-0.001864733,0.00053461
50.1,-0.002327833,0.000777876
50.2,-0.001807619,0.000524546
50.3,-0.002194012,0.000726545
50.4,-0.001867974,0.000548507
50.5,-0.002135187,0.000686948
50.6,-0.0019661,0.000606196
50.7,-0.001980191,0.000613172
50.8,-0.002129444,0.000685955
50.9,-0.001839342,0.000546098
51,-0.002255785,0.000775611
51.1,-0.00176968,0.000533496
51.2,-0.002231816,0.000740485
51.3,-0.001919834,0.000580757
51.4,-0.002098025,0.000684466
51.5,-0.002049677,0.000668739
51.6,-0.001911155,0.000593935
51.7,-0.002227522,0.000751037
51.8,-0.001809955,0.000532508
51.9,-0.002257436,0.000750407
52,-0.001817362,0.000525098
52.1,-0.002216614,0.000722063
52.2,-0.001983046,0.000603385
52.3,-0.002042838,0.000654925
52.4,-0.002132725,0.000687267
52.5,-0.001849249,0.00052884
52.6,-0.002221833,0.000717977
52.7,-0.001822251,0.000509924
52.8,-0.002273853,0.000737452
52.9,-0.00190432,0.000547114
53,-0.002152368,0.000695917
53.1,-0.001978252,0.000604034
53.2,-0.002006199,0.000592647
53.3,-0.002167202,0.000676909
53.4,-0.00186694,0.000520371
53.5,-0.002270695,0.000736773
53.6,-0.001816179,0.000507873
53.7,-0.002239431,0.000724297
53.8,-0.001919121,0.000556167
53.9,-0.002089372,0.000627829
54,-0.002049542,0.000602317
54.1,-0.001957231,0.000568475
54.2,-0.002255115,0.000707506
54.3,-0.001843802,0.000510672
54.4,-0.002301941,0.000752329
54.5,-0.001822357,0.000512863
54.6,-0.002238949,0.00070434
54.7,-0.001960233,0.00057208
54.8,-0.002079862,0.000642002
54.9,-0.002143384,0.000683908
55,-0.001923664,0.000572163
55.1,-0.002285774,0.000766266
55.2,-0.001803601,0.00051605
55.3,-0.002272518,0.000740815
55.4,-0.001860455,0.000531671
55.5,-0.002196371,0.000700309
55.6,-0.001999261,0.000609297
55.7,-0.00201491,0.000621406
55.8,-0.002152205,0.000701465
55.9,-0.001881386,0.000538029
56,-0.002244772,0.000722393
56.1,-0.001824281,0.000507077
56.2,-0.002300976,0.000756087
56.3,-0.001920009,0.000560733
56.4,-0.002133155,0.000680261
56.5,-0.002020829,0.000625134
56.6,-0.001959177,0.000569875
56.7,-0.002182676,0.000702134
56.8,-0.001853257,0.00052281
56.9,-0.002312948,0.000755529
57,-0.001851724,0.000524459
57.1,-0.002240676,0.000745593
57.2,-0.001928568,0.000584383
57.3,-0.002087522,0.000650895
57.4,-0.002126939,0.000666507
57.5,-0.00192952,0.00057086
57.6,-0.002273843,0.000740686
57.7,-0.001813298,0.000522755
57.8,-0.002272931,0.000757425
57.9,-0.001828899,0.00052608
58,-0.002188475,0.000704118
58.1,-0.001993316,0.000605934
58.2,-0.002027152,0.000623881
58.3,-0.002181784,0.000702695
58.4,-0.001873629,0.000539564
58.5,-0.002240597,0.000742299
58.6,-0.001774373,0.000507012
58.7,-0.00225194,0.000723754
58.8,-0.001854143,0.000540603
58.9,-0.00216931,0.000704236
59,-0.002014831,0.000656826
59.1,-0.001939203,0.000618253
59.2,-0.002206602,0.000761857
59.3,-0.001807933,0.000547746
59.4,-0.002279376,0.000782654
59.5,-0.001809044,0.0005271
59.6,-0.002232109,0.000734119
59.7,-0.001887693,0.000556266
59.8,-0.002002472,0.000629263
59.9,-0.002014539,0.000626745
60,-0.001883008,0.000550427
60.1,-0.002191065,0.00071228
60.2,-0.001760977,0.000489531
60.3,-0.002266926,0.000767355
60.4,-0.001843044,0.000541439
60.5,-0.002146348,0.000706951
60.6,-0.001924309,0.000602245
60.7,-0.001967213,0.00061888
60.8,-0.002104722,0.00068031
60.9,-0.001835136,0.0005501
61,-0.002224422,0.0007271
61.1,-0.00175752,0.000517562
61.2,-0.002243046,0.000747455
61.3,-0.001808572,0.00054158
61.4,-0.002055596,0.000637527
61.5,-0.002000663,0.000612565
61.6,-0.001917589,0.000577976
61.7,-0.00211515,0.000692686
61.8,-0.001762113,0.000511294
61.9,-0.002176348,0.000728683
62,-0.001706079,0.000489728
62.1,-0.002090928,0.000674537
62.2,-0.001793649,0.000524138
62.3,-0.002020807,0.000636165
62.4,-0.001960286,0.000623559
62.5,-0.0018349,0.000554893
62.6,-0.002115568,0.000709642
62.7,-0.001690581,0.0004895
62.8,-0.002112396,0.000701087
62.9,-0.001734243,0.00050768
63,-0.002147949,0.000721234
63.1,-0.001876545,0.000583082
63.2,-0.001971725,0.000641735
63.3,-0.002015461,0.000662213
63.4,-0.001820692,0.000541283
63.5,-0.002189707,0.000716995
63.6,-0.001743136,0.000489039
63.7,-0.002179033,0.000713458
63.8,-0.001781483,0.000510635
63.9,-0.002076488,0.000659573
64,-0.001928952,0.000583358
64.1,-0.001920014,0.000574489
64.2,-0.002052041,0.000636757
64.3,-0.001811419,0.000517139
64.4,-0.002208131,0.000730332
64.5,-0.001743843,0.000492811
64.6,-0.002166596,0.000716956
64.7,-0.00180513,0.000541685
64.8,-0.002035801,0.000652502
64.9,-0.001950651,0.000610584
65,-0.001903005,0.000581478
65.1,-0.002137215,0.000699861
65.2,-0.001775042,0.000503949
65.3,-0.002180141,0.00072396
65.4,-0.001738366,0.000484256
65.5,-0.002161216,0.000690195
65.6,-0.001841165,0.000525498
65.7,-0.002013295,0.000616142
65.8,-0.001974647,0.000602628
65.9,-0.001830146,0.00053532
66,-0.002110308,0.000685708
66.1,-0.001707217,0.000470265
66.2,-0.002142017,0.000692818
66.3,-0.001713047,0.000482409
66.4,-0.002097185,0.000685427
66.5,-0.001780665,0.000521403
66.6,-0.001920688,0.000599299
66.7,-0.001929652,0.000615702
66.8,-0.001731151,0.000498141
66.9,-0.002045928,0.000632658
67,-0.001656067,0.000445334
67.1,-0.002116536,0.000679827
67.2,-0.001694423,0.000472663
67.3,-0.001997621,0.000636953
67.4,-0.001806897,0.000552921
67.5,-0.001874777,0.000576111
67.6,-0.002000031,0.000637487
67.7,-0.001762186,0.000523932
67.8,-0.002130811,0.000705335
67.9,-0.001686819,0.000491622
68,-0.002105638,0.000727302
68.1,-0.001717872,0.000527568
68.2,-0.001999486,0.000640263
68.3,-0.001876427,0.000577248
68.4,-0.00190188,0.000588588
68.5,-0.002018967,0.000662567
68.6,-0.001743603,0.000514434
68.7,-0.002103568,0.000700351
68.8,-0.00167972,0.000479784
68.9,-0.002120043,0.000691116
69,-0.00173213,0.000493685
69.1,-0.002033001,0.000636637
69.2,-0.001870205,0.000561953
69.3,-0.001861145,0.00055991
69.4,-0.00202557,0.000653388
69.5,-0.001726229,0.00048714
69.6,-0.002134208,0.000671602
69.7,-0.001663793,0.000450111
69.8,-0.002148929,0.000698434
69.9,-0.00172466,0.00051165
70,-0.001992155,0.000615472
70.1,-0.001846743,0.000558572
70.2,-0.001821297,0.000530666
70.3,-0.001975649,0.000611388
70.4,-0.001719325,0.000468405
70.5,-0.002131212,0.000675471
70.6,-0.001696843,0.000461515
70.7,-0.00206745,0.000685839
70.8,-0.001721244,0.000485159
70.9,-0.001928621,0.00057527
71,-0.00187067,0.000553094
71.1,-0.001835825,0.000532452
71.2,-0.002029668,0.000639633
71.3,-0.001684513,0.000470928
71.4,-0.002069235,0.000679486
71.5,-0.001649301,0.000450723
71.6,-0.002059764,0.000647567
71.7,-0.001739329,0.000499763
71.8,-0.001980547,0.000607951
71.9,-0.001853139,0.000549785
72,-0.001814314,0.000529976
72.1,-0.001984741,0.00062715
72.2,-0.001658249,0.00045819
72.3,-0.002078802,0.000665757
72.4,-0.001648762,0.000441961
72.5,-0.002095122,0.000672766
72.6,-0.001700988,0.000488275
72.7,-0.001952764,0.000606191
72.8,-0.001851154,0.000560144
72.9,-0.001798876,0.000526394
73,-0.001967416,0.000601005
73.1,-0.001666254,0.000462051
73.2,-0.002041248,0.000644418
73.3,-0.001628266,0.000439013
73.4,-0.002052321,0.000651622
73.5,-0.001662546,0.000478856
73.6,-0.001945579,0.000592014
73.7,-0.001820116,0.000523926
73.8,-0.001786995,0.000521557
73.9,-0.001970058,0.000608961
74,-0.00165471,0.000467759
74.1,-0.002045743,0.000656028
74.2,-0.001603482,0.000432936
74.3,-0.002028087,0.000636936
74.4,-0.001683647,0.000457451
74.5,-0.001958464,0.000600155
74.6,-0.001811006,0.000521464
74.7,-0.001812287,0.000533653
74.8,-0.001883174,0.000582207
74.9,-0.001640668,0.00045403
75,-0.002037083,0.0006299
75.1,-0.001607552,0.000426492
75.2,-0.002054684,0.000649879
75.3,-0.001622172,0.000445444
75.4,-0.001945742,0.000607762
75.5,-0.001698409,0.000491902
75.6,-0.001803584,0.000518937
75.7,-0.001917248,0.000574487
75.8,-0.001669472,0.000459877
75.9,-0.002005432,0.000621042
76,-0.001599673,0.000426704
76.1,-0.001982823,0.000631931
76.2,-0.001617364,0.000447672
76.3,-0.001922574,0.000587598
76.4,-0.001743961,0.000489302
76.5,-0.001826071,0.000537791
76.6,-0.001879454,0.000569597
76.7,-0.001705269,0.000485197
76.8,-0.001990649,0.000625963
76.9,-0.00156183,0.000412695
77,-0.001979083,0.000610953
77.1,-0.001610797,0.000437506
77.2,-0.00196676,0.000616965
77.3,-0.001741956,0.000495145
77.4,-0.001838582,0.00055368
77.5,-0.001807981,0.000563489
77.6,-0.001672264,0.000480981
77.7,-0.001961026,0.000612483
77.8,-0.001600623,0.000438858
77.9,-0.002018943,0.000660732
78,-0.001583209,0.000433499
78.1,-0.001907177,0.000598195
78.2,-0.001636321,0.000469223
78.3,-0.001848374,0.000552244
78.4,-0.001773045,0.000522653
78.5,-0.001734704,0.000508778
78.6,-0.00194464,0.000614217
78.7,-0.001601183,0.000450875
78.8,-0.001999521,0.000655411
78.9,-0.001533594,0.00042078
79,-0.001947066,0.000622169
79.1,-0.001624174,0.000459845
79.2,-0.001871691,0.00057692
79.3,-0.001738951,0.000514842
79.4,-0.001714253,0.000513658
79.5,-0.001869381,0.000588717
79.6,-0.001573279,0.000441968
79.7,-0.001959013,0.00062882
79.8,-0.001553328,0.000420077
79.9,-0.001933235,0.00061388
80,-0.001577092,0.000453988
80.1,-0.001889767,0.000599088
80.2,-0.001690942,0.000505166
80.3,-0.001714395,0.000506419
80.4,-0.001786166,0.000545208
80.5,-0.001629504,0.000466698
80.6,-0.001952765,0.00062039
80.7,-0.001525175,0.000425109
80.8,-0.001963181,0.000640887
80.9,-0.001536479,0.000440698
81,-0.001887853,0.000587058
81.1,-0.001650533,0.00046979
81.2,-0.001824678,0.000557183
81.3,-0.001779797,0.000546206
81.4,-0.001651306,0.000475421
81.5,-0.001901145,0.000616032
81.6,-0.001549228,0.000432641
81.7,-0.00194556,0.00061567
81.8,-0.001512289,0.000415713
81.9,-0.001929859,0.000621091
82,-0.001578908,0.000453676
82.1,-0.001808843,0.000566544
82.2,-0.001691144,0.000517527
82.3,-0.001667532,0.000488567
82.4,-0.001850889,0.000566655
82.5,-0.001559302,0.000435
82.6,-0.001908973,0.000600295
82.7,-0.001503361,0.000411116
82.8,-0.001913802,0.000619654
82.9,-0.001521826,0.000436231
83,-0.001844685,0.000570748
83.1,-0.001622904,0.000461056
83.2,-0.001715112,0.000506641
83.3,-0.001794132,0.000560773
83.4,-0.001574383,0.00043956
83.5,-0.001864333,0.000591219
83.6,-0.001483511,0.000407068
83.7,-0.001917692,0.000593232
83.8,-0.001489621,0.000399538
83.9,-0.001900997,0.000604588
84,-0.001560205,0.00043799
84.1,-0.001735029,0.000541853
84.2,-0.001680529,0.000507591
84.3,-0.001610233,0.000461428
84.4,-0.001799717,0.000543345
84.5,-0.001544625,0.000430711
84.6,-0.001921321,0.000602411
84.7,-0.001466497,0.00039761
84.8,-0.00187882,0.000603481
84.9,-0.001515495,0.000427556
85,-0.001807633,0.000553438
85.1,-0.001622385,0.000461706
85.2,-0.001686962,0.000499236
85.3,-0.001761659,0.000535354
85.4,-0.001541376,0.000439004
85.5,-0.001872482,0.000599706
85.6,-0.001461926,0.000387491
85.7,-0.001900313,0.000591014
85.8,-0.001472194,0.000390895
85.9,-0.001830317,0.0005641
86,-0.001521601,0.000437064
86.1,-0.001717888,0.00052146
86.2,-0.001634765,0.000490634
86.3,-0.001587232,0.000454757
86.4,-0.001782249,0.000531133
86.5,-0.0014992,0.000413934
86.6,-0.001866773,0.000576317
86.7,-0.001462993,0.000392835
86.8,-0.001818881,0.000580796
86.9,-0.001436789,0.00040266
87,-0.001746833,0.000520249
87.1,-0.00158558,0.000461661
87.2,-0.001670578,0.000482984
87.3,-0.001686728,0.000521055
87.4,-0.001542245,0.00044276
87.5,-0.001757322,0.000564669
87.6,-0.001407832,0.000374802
87.7,-0.001855599,0.000581734
87.8,-0.001455798,0.000398489
87.9,-0.001817392,0.000570899
88,-0.001477041,0.000416539
88.1,-0.001730266,0.000535032
88.2,-0.001599849,0.000475545
88.3,-0.001591633,0.000463277
88.4,-0.001694921,0.000506334
88.5,-0.0014844,0.000414453
88.6,-0.001823157,0.000575946
88.7,-0.001409326,0.000387352
88.8,-0.001806346,0.000576953
88.9,-0.001384603,0.000389647
89,-0.001782623,0.000544904
89.1,-0.001524352,0.000429324
89.2,-0.001691655,0.00049937
89.3,-0.001648324,0.00047358
89.4,-0.00153112,0.000421173
89.5,-0.00176032,0.000538418
89.6,-0.001423817,0.000381234
89.7,-0.001801921,0.000543345
89.8,-0.001423225,0.0003824
89.9,-0.001816498,0.000563572
90,-0.001450714,0.000388537
90.1,-0.001715496,0.000509982
90.2,-0.001481677,0.000423582
90.3,-0.001579395,0.000441664
90.4,-0.001651127,0.000478409
90.5,-0.001476848,0.00039485
90.6,-0.001741986,0.000525695
90.7,-0.001378673,0.000360185
90.8,-0.001706983,0.000528918
90.9,-0.001347156,0.000355178
91,-0.001700338,0.000513562
91.1,-0.001409451,0.000377046
91.2,-0.001593882,0.000465965
91.3,-0.001510982,0.000425275
91.4,-0.00147917,0.00041808
91.5,-0.001587241,0.000480285
91.6,-0.001367984,0.00037238
91.7,-0.001722445,0.000522909
91.8,-0.001330184,0.000359546
91.9,-0.001751176,0.000554501
92,-0.001337764,0.00037925
92.1,-0.001681259,0.000534323
92.2,-0.001394695,0.000418905
92.3,-0.001584547,0.000477261
92.4,-0.001574451,0.00047432
92.5,-0.001474015,0.000424077
92.6,-0.001662231,0.000517064
92.7,-0.001380361,0.000375693
92.8,-0.00169094,0.000518179
92.9,-0.001349024,0.000343508
93,-0.001732186,0.000522756
93.1,-0.001366225,0.000352811
93.2,-0.001692236,0.000505315
93.3,-0.001436468,0.000391883
93.4,-0.001579697,0.000461207
93.5,-0.001528215,0.000453936
93.6,-0.0014681,0.000408634
93.7,-0.001657823,0.000506353
93.8,-0.00140771,0.000391979
93.9,-0.001720986,0.000544029
94,-0.001334345,0.000367861
94.1,-0.001695784,0.00054861
94.2,-0.001314177,0.000361496
94.3,-0.001652832,0.000486188
94.4,-0.00144081,0.000395422
94.5,-0.001568186,0.000444422
94.6,-0.001572452,0.000449478
94.7,-0.00143116,0.000392842
94.8,-0.001640302,0.000500986
94.9,-0.001313668,0.000349326
95,-0.001672166,0.000498995
95.1,-0.001319324,0.000344198
95.2,-0.001660294,0.000494783
95.3,-0.001330571,0.000354649
95.4,-0.001578116,0.000469075
95.5,-0.001321881,0.000370061
95.6,-0.001473993,0.00040304
95.7,-0.001464244,0.000407558
95.8,-0.001352304,0.000353448
95.9,-0.001555576,0.000460852
96,-0.001272818,0.000334564
96.1,-0.001634868,0.000511085
96.2,-0.001234372,0.000331294
96.3,-0.001639867,0.000503808
96.4,-0.001307067,0.000377848
96.5,-0.001565805,0.000497604
96.6,-0.00141018,0.000431016
96.7,-0.001475738,0.00044422
96.8,-0.001440824,0.000429195
96.9,-0.0013952,0.000376365
97,-0.001598587,0.000463184
97.1,-0.001305226,0.000346523
97.2,-0.001658962,0.00049393
97.3,-0.001260039,0.000322965
97.4,-0.001632443,0.000508733
97.5,-0.001278322,0.000348549
97.6,-0.00159819,0.000471699
97.7,-0.001373597,0.000383422
97.8,-0.001523249,0.000449889
97.9,-0.001457504,0.000434121
98,-0.00136745,0.000392659
98.1,-0.00153399,0.000469545
98.2,-0.001270536,0.000345616
98.3,-0.001615802,0.000472295
98.4,-0.001261745,0.000330665
98.5,-0.00163903,0.000485563
98.6,-0.001273273,0.0003343
98.7,-0.001548724,0.000462866
98.8,-0.001290122,0.000368038
98.9,-0.001421937,0.000401309
99,-0.001385561,0.000390312
99.1,-0.001329089,0.00036055
99.2,-0.001484574,0.000428415
99.3,-0.001223093,0.000306407
99.4,-0.001510282,0.00046284
99.5,-0.001170266,0.000318308
99.6,-0.001553768,0.000474341
99.7,-0.00122438,0.000340785
99.8,-0.001544105,0.000491175
99.9,-0.001292127,0.000392345
100,-0.001446508,0.000445235
100.1,-0.001336403,0.000398203
100.2,-0.001344201,0.000372602
100.3,-0.001465145,0.000431821
100.4,-0.001275051,0.000332601
100.5,-0.001547467,0.000463401
100.6,-0.001224055,0.000314282
100.7,-0.00157647,0.000484725
100.8,-0.001192562,0.000317688
100.9,-0.001566582,0.000469533
101,-0.001246869,0.000340206
101.1,-0.001476351,0.00045583
101.2,-0.001332497,0.00038714
101.3,-0.001405139,0.000413914
101.4,-0.001419112,0.00042059
101.5,-0.001302355,0.000339772
101.6,-0.001503996,0.000433979
101.7,-0.001238063,0.000319179
101.8,-0.001548248,0.00045868
101.9,-0.001163137,0.000297834
102,-0.001482702,0.000453993
102.1,-0.001132537,0.000300627
102.2,-0.001460062,0.000425231
102.3,-0.001199577,0.00032407
102.4,-0.001365664,0.000388353
102.5,-0.001297358,0.000368546
102.6,-0.001262881,0.000367397
102.7,-0.00135864,0.000421908
102.8,-0.001189719,0.000329129
102.9,-0.001458171,0.000449842
103,-0.001166708,0.000328858
103.1,-0.001497625,0.000465397
103.2,-0.001151364,0.000315679
103.3,-0.00147788,0.000461509
103.4,-0.001172626,0.000321472
103.5,-0.001430227,0.000402979
103.6,-0.001255651,0.000337631
103.7,-0.001347026,0.000376974
103.8,-0.001366759,0.000385736
103.9,-0.001229769,0.000340877
104,-0.001362704,0.00042478
104.1,-0.001159428,0.000321809
104.2,-0.001461346,0.000442282
104.3,-0.001151963,0.000311322
104.4,-0.001490365,0.000458517
104.5,-0.001117256,0.00029536
104.6,-0.001437484,0.000439983
104.7,-0.001199917,0.000335001
104.8,-0.001381701,0.000390585
104.9,-0.001235313,0.000335139
105,-0.001287715,0.000352307
105.1,-0.001370574,0.000387514
105.2,-0.001180705,0.000310702
105.3,-0.001377221,0.000417862
105.4,-0.001102845,0.000293446
105.5,-0.001402605,0.000409748
105.6,-0.001065734,0.000283708
105.7,-0.001414626,0.000421869
105.8,-0.001110965,0.000290992
105.9,-0.001336714,0.000404993
106,-0.001115491,0.000332144
106.1,-0.001279304,0.000379084
106.2,-0.001253417,0.000378628
106.3,-0.001238609,0.000360444
106.4,-0.001312263,0.000404298
106.5,-0.001165169,0.000329846
106.6,-0.001356497,0.000420637
106.7,-0.001099917,0.000293082
106.8,-0.001412367,0.000408197
106.9,-0.00107581,0.000273046
107,-0.001421393,0.000415377
107.1,-0.001096721,0.000283331
107.2,-0.00132971,0.000394869
107.3,-0.001119602,0.000311697
107.4,-0.001271763,0.00035506
107.5,-0.001218697,0.000349933
107.6,-0.001202257,0.000342999
107.7,-0.001326217,0.000397892
107.8,-0.001110701,0.000312353
107.9,-0.001333667,0.000418805
108,-0.001050569,0.000282347
108.1,-0.001387381,0.000410904
108.2,-0.001080181,0.000285216
108.3,-0.001372673,0.000406511
108.4,-0.001088123,0.000285889
108.5,-0.001310852,0.000394811
108.6,-0.001097352,0.000301065
108.7,-0.001256013,0.000343958
108.8,-0.001192893,0.000324832
108.9,-0.001173478,0.000310585
109,-0.001274614,0.000357966
109.1,-0.001072247,0.000282561
109.2,-0.0012763,0.000388697
109.3,-0.001007286,0.000258934
109.4,-0.001317335,0.000382203
109.5,-0.001002287,0.000246925
109.6,-0.001317194,0.000380067
109.7,-0.001009752,0.00024763
109.8,-0.001256891,0.000365953
109.9,-0.000991614,0.000267789
110,-0.001195923,0.000331886
110.1,-0.001100445,0.000309822
110.2,-0.001132187,0.000322306
110.3,-0.00117301,0.000355913
110.4,-0.001039741,0.000300781
110.5,-0.001259989,0.000401973
110.6,-0.001004825,0.000275425
110.7,-0.001298566,0.000393533
110.8,-0.00101686,0.000269343
110.9,-0.001301483,0.000387544
111,-0.000984951,0.000251617
111.1,-0.001251027,0.000364731
111.2,-0.001018998,0.000268745
111.3,-0.001219056,0.000333013
111.4,-0.001092009,0.000293431
111.5,-0.001174176,0.000324703
111.6,-0.001146617,0.000335572
111.7,-0.001081777,0.000307971
111.8,-0.001190367,0.000372427
111.9,-0.000998752,0.000275325
112,-0.001248937,0.000381983
112.1,-0.000973456,0.000266149
112.2,-0.001293206,0.000399452
112.3,-0.000957375,0.000255605
112.4,-0.001273473,0.000384403
112.5,-0.000965035,0.000257576
112.6,-0.001247488,0.000354453
112.7,-0.000989972,0.000265588
112.8,-0.001188163,0.000333757
112.9,-0.001067571,0.00030949
113,-0.001096489,0.000303128
113.1,-0.001089672,0.000318905
113.2,-0.000980885,0.000254034
113.3,-0.001147955,0.000329284
113.4,-0.000938652,0.000245106
113.5,-0.001229395,0.000364408
113.6,-0.000882235,0.00022673
113.7,-0.001170716,0.00035295
113.8,-0.000867198,0.000221803
113.9,-0.001092226,0.000301107
114,-0.00088309,0.000222547
114.1,-0.00114058,0.000325295
114.2,-0.000958801,0.00027992
114.3,-0.00104312,0.000322004
114.4,-0.00095981,0.000301842
114.5,-0.0009835,0.000289396
114.6,-0.001076882,0.00032664
114.7,-0.000978671,0.000276057
114.8,-0.001151168,0.000348859
114.9,-0.000876686,0.000240973
115,-0.001128242,0.000348896
115.1,-0.000815148,0.000210434
115.2,-0.001116302,0.00032506
115.3,-0.000884214,0.000228179
115.4,-0.001181997,0.000342039
115.5,-0.000898739,0.000240143
115.6,-0.001111171,0.000338831
115.7,-0.000877085,0.000258774
115.8,-0.001039685,0.000300382
115.9,-0.000937254,0.000275294
116,-0.001031712,0.000300263
116.1,-0.001031746,0.000319448
116.2,-0.000951558,0.000277357
116.3,-0.001041688,0.000330462
116.4,-0.000846262,0.000227283
116.5,-0.001080459,0.000317064
116.6,-0.000878685,0.000236202
116.7,-0.00116565,0.000351587
116.8,-0.000866344,0.000228429
116.9,-0.001112939,0.00033029
117,-0.000797391,0.000210525
117.1,-0.001057205,0.000286585
117.2,-0.000866989,0.00022441
117.3,-0.001080681,0.000303101
117.4,-0.000935256,0.000258248
117.5,-0.000967042,0.000280628
117.6,-0.000897725,0.000269805
117.7,-0.000864744,0.000236519
117.8,-0.000996337,0.000282781
117.9,-0.000880245,0.000224192
118,-0.001089632,0.000310113
118.1,-0.000808001,0.000207914
118.2,-0.001056191,0.000328101
118.3,-0.000737243,0.000193678
118.4,-0.001057407,0.000317619
118.5,-0.000838348,0.000239689
118.6,-0.001132334,0.000361222
118.7,-0.000865574,0.000256357
118.8,-0.001071675,0.000346686
118.9,-0.000844194,0.000261865
119,-0.000982306,0.000288276
119.1,-0.000960655,0.000281176
119.2,-0.001005547,0.000282226
119.3,-0.00104303,0.000302432
119.4,-0.000900565,0.000244148
119.5,-0.001052179,0.000316686
119.6,-0.000799396,0.000205483
119.7,-0.001092339,0.000315867
119.8,-0.000858306,0.000226166
119.9,-0.00117175,0.000356402
120,-0.000858985,0.000241776
120.1,-0.001101644,0.000347335
120.2,-0.000792739,0.000234922
120.3,-0.001081113,0.000316701
120.4,-0.000900969,0.000250975
120.5,-0.001096068,0.000317591
120.6,-0.000953903,0.000267006
120.7,-0.001020449,0.000292048
120.8,-0.00094945,0.000291521
120.9,-0.000899406,0.000249884
121,-0.001031246,0.000296576
121.1,-0.00091961,0.000241716
121.2,-0.0011049,0.000326053
121.3,-0.000842591,0.0002277
121.4,-0.001080221,0.000335001
121.5,-0.000758806,0.000193181
121.6,-0.001056569,0.000299404
121.7,-0.000810085,0.000202652
121.8,-0.001108329,0.000320635
121.9,-0.000842718,0.000221596
122,-0.001021124,0.000302024
122.1,-0.000816988,0.000233049
122.2,-0.000918747,0.000254746
122.3,-0.000927548,0.000273299
122.4,-0.000967433,0.00029261
122.5,-0.001038192,0.000333466
122.6,-0.000888838,0.000273762
122.7,-0.001032877,0.000347
122.8,-0.000792273,0.00022597
122.9,-0.001083474,0.000333774
123,-0.000861293,0.000238605
123.1,-0.001157871,0.000355036
123.2,-0.000853873,0.000236439
123.3,-0.001105843,0.00034166
123.4,-0.000797176,0.000225857
123.5,-0.001059546,0.000295835
123.6,-0.000888672,0.000239339
123.7,-0.001074346,0.000301843
123.8,-0.00096272,0.000266786
123.9,-0.000984013,0.000289995
124,-0.000961849,0.000300719
124.1,-0.000935784,0.000260783
124.2,-0.001094478,0.000334506
124.3,-0.000920712,0.000258238
124.4,-0.001132715,0.000349841
124.5,-0.000875756,0.00024387
124.6,-0.001144464,0.000363215
124.7,-0.000864019,0.000234119
124.8,-0.001166571,0.000335658
124.9,-0.000878999,0.000222048
125,-0.001144834,0.000320075
125.1,-0.0009003,0.000240391
125.2,-0.001096585,0.000311206
125.3,-0.000941941,0.000260307
125.4,-0.001032226,0.000274021
125.5,-0.000993093,0.000279828
125.6,-0.000959555,0.000263034
125.7,-0.001042497,0.000313056
125.8,-0.000880096,0.000242239
125.9,-0.001090495,0.000337785
126,-0.000811221,0.000212444
126.1,-0.001107783,0.000329895
126.2,-0.000819866,0.000218087
126.3,-0.001107242,0.000334476
126.4,-0.00082802,0.000226192
126.5,-0.001097865,0.00034269
126.6,-0.000840083,0.000251318
126.7,-0.001088737,0.000318847
126.8,-0.000904844,0.000273131
126.9,-0.001058834,0.000312522
127,-0.000996655,0.000299472
127.1,-0.000963147,0.000283818
127.2,-0.001031093,0.000325302
127.3,-0.000934851,0.000253795
127.4,-0.001045568,0.000305008
127.5,-0.000890775,0.000229948
127.6,-0.001163286,0.000333712
127.7,-0.00086922,0.000225924
127.8,-0.001136273,0.000350081
127.9,-0.000839971,0.000223097
128,-0.001150011,0.000332085
128.1,-0.000888017,0.000239647
128.2,-0.001116168,0.00033499
128.3,-0.000910915,0.000266361
128.4,-0.001069164,0.000326775
128.5,-0.00096524,0.000290954
128.6,-0.000951658,0.000259333
128.7,-0.001028666,0.000300019
128.8,-0.000948259,0.000257
128.9,-0.001113054,0.000334819
129,-0.000904836,0.000245966
129.1,-0.001124548,0.000349803
129.2,-0.000877485,0.000223888
129.3,-0.001159096,0.000333948
129.4,-0.000856006,0.000222807
129.5,-0.001163813,0.00034087
129.6,-0.000870798,0.000239135
129.7,-0.001114474,0.000335906
129.8,-0.00086987,0.000252754
129.9,-0.00104001,0.00029682
130,-0.000925505,0.000261298
130.1,-0.000989958,0.00027435
130.2,-0.000968626,0.000275625
130.3,-0.000920004,0.000249951
130.4,-0.001023814,0.000303785
130.5,-0.000823442,0.000209667
130.6,-0.001088043,0.000313314
130.7,-0.000827944,0.000214724
130.8,-0.001138118,0.00033767
130.9,-0.000816491,0.000227535
131,-0.001105853,0.000346199
131.1,-0.000834305,0.000230064
131.2,-0.001107116,0.000335969
131.3,-0.000890032,0.000260802
131.4,-0.001089834,0.000333275
131.5,-0.000934311,0.000283961
131.6,-0.001018373,0.00032198
131.7,-0.000982148,0.000316587
131.8,-0.000975904,0.000278611
131.9,-0.001054358,0.000321039
132,-0.000907807,0.000264431
132.1,-0.001119611,0.000355564
132.2,-0.000865301,0.000244326
132.3,-0.001142818,0.000360054
132.4,-0.000841021,0.000226197
132.5,-0.001151056,0.000343132
132.6,-0.000848743,0.000220552
132.7,-0.001162693,0.000340929
132.8,-0.000869344,0.000235933
132.9,-0.001100798,0.000325425
133,-0.000922192,0.000253327
133.1,-0.001055156,0.000285149
133.2,-0.000989763,0.000280136
133.3,-0.001006766,0.000278371
133.4,-0.001041042,0.000294717
133.5,-0.000930738,0.000251098
133.6,-0.001089357,0.000330933
133.7,-0.000886191,0.00022936
133.8,-0.001153402,0.000328378
133.9,-0.00086977,0.000220754
134,-0.001151121,0.000335704
134.1,-0.000861444,0.000219633
134.2,-0.00114642,0.000346723
134.3,-0.000864214,0.000232852
134.4,-0.00112611,0.000318795
134.5,-0.00091168,0.000246264
134.6,-0.001088344,0.000306082
134.7,-0.000955336,0.000271597
134.8,-0.001023876,0.000288463
134.9,-0.00101153,0.000298204
135,-0.00095512,0.000245431
135.1,-0.001089385,0.000310372
135.2,-0.000909588,0.000239424
135.3,-0.001125856,0.000333889
135.4,-0.000876444,0.000228836
135.5,-0.001150343,0.00035306
135.6,-0.000837146,0.000217233
135.7,-0.001155043,0.000326132
135.8,-0.000859551,0.000220316
135.9,-0.001142256,0.000338467
136,-0.000908496,0.000248255
136.1,-0.001094669,0.000318308
136.2,-0.000936428,0.000275
136.3,-0.001041314,0.000279493
136.4,-0.001009601,0.000281146
136.5,-0.000977768,0.000271565
136.6,-0.001054311,0.000306811
136.7,-0.000922122,0.000248753
136.8,-0.001118472,0.000334258
136.9,-0.000875803,0.000225314
137,-0.001148925,0.000329742
137.1,-0.000861449,0.000219384
137.2,-0.001165749,0.000340282
137.3,-0.000867097,0.000228232
137.4,-0.001131148,0.000332793
137.5,-0.000865141,0.000238269
137.6,-0.00112245,0.000320418
137.7,-0.000940872,0.000248232
137.8,-0.001079166,0.000300606
137.9,-0.000974216,0.000273767
138,-0.000994136,0.000273175
138.1,-0.001024408,0.00030323
138.2,-0.000953168,0.000255371
138.3,-0.001098385,0.000310113
138.4,-0.000911819,0.000235839
138.5,-0.00114257,0.000346475
138.6,-0.000866613,0.000223727
138.7,-0.001139049,0.00034995
138.8,-0.000843765,0.00021511
138.9,-0.001149412,0.000327134
139,-0.000870751,0.000220219
139.1,-0.001147449,0.000335497
139.2,-0.00089691,0.000254011
139.3,-0.001081241,0.000314475
139.4,-0.00095771,0.000278733
139.5,-0.001016407,0.000276912
139.6,-0.001014189,0.000291566
139.7,-0.000963858,0.000265292
139.8,-0.001090956,0.000333371
139.9,-0.000905025,0.00024488
140,-0.001091212,0.000335956
140.1,-0.000861689,0.000232413
140.2,-0.001157068,0.000337828
140.3,-0.00084853,0.000226117
140.4,-0.00115049,0.000337704
140.5,-0.000869672,0.000236313
140.6,-0.001119654,0.000349404
140.7,-0.000877055,0.000253567
140.8,-0.00110657,0.000319874
140.9,-0.000931905,0.000264524
141,-0.001042159,0.000301147
141.1,-0.001011132,0.000293425
141.2,-0.000970682,0.000280698
141.3,-0.001045865,0.000320949
141.4,-0.00093603,0.000255216
141.5,-0.001114364,0.000337223
141.6,-0.000884883,0.000240715
141.7,-0.00115456,0.000355766
141.8,-0.000869085,0.000242638
141.9,-0.00113795,0.000362203
142,-0.000859325,0.000243987
142.1,-0.001149483,0.000353675
142.2,-0.00088174,0.000250265
142.3,-0.001118129,0.000341866
142.4,-0.000905199,0.000269253
142.5,-0.001079403,0.000332202
142.6,-0.000967102,0.000306632
142.7,-0.001016713,0.000291472
142.8,-0.001032818,0.000318333
142.9,-0.000940972,0.000271071
143,-0.001079644,0.000340966
143.1,-0.000900594,0.000262694
143.2,-0.001118677,0.000359619
143.3,-0.00084295,0.00024166
143.4,-0.00115526,0.000352789
143.5,-0.000845384,0.00025132
143.6,-0.001146707,0.000356752
143.7,-0.000867035,0.000249927
143.8,-0.00111173,0.000363668
143.9,-0.00087429,0.000267985
144,-0.001065077,0.000329269
144.1,-0.000945483,0.000290008
144.2,-0.001027148,0.000308114
144.3,-0.000986061,0.00030765
144.4,-0.000961409,0.000282948
144.5,-0.001021906,0.000331606
144.6,-0.000892354,0.000252902
144.7,-0.001089658,0.000329098
144.8,-0.000859786,0.000241943
144.9,-0.001117365,0.000337645
145,-0.00081097,0.000223842
145.1,-0.001116371,0.000347427
145.2,-0.000806801,0.000230891
145.3,-0.001106865,0.000316092
145.4,-0.000858364,0.000238317
145.5,-0.001078857,0.000310462
145.6,-0.000900984,0.000258058
145.7,-0.001023325,0.000297805
145.8,-0.000932207,0.000262187
145.9,-0.00095043,0.000254361
146,-0.000999243,0.000283594
146.1,-0.000923448,0.000244798
146.2,-0.001046334,0.00030868
146.3,-0.000863484,0.000225072
146.4,-0.001083024,0.000338511
146.5,-0.000826199,0.000212753
146.6,-0.001100777,0.000325068
146.7,-0.000819513,0.000216041
146.8,-0.001131277,0.00033837
146.9,-0.00084015,0.000232284
147,-0.001103469,0.000331432
147.1,-0.000869386,0.000247256
147.2,-0.001055611,0.000297065
147.3,-0.000947862,0.000267279
147.4,-0.00099836,0.000275104
147.5,-0.001028499,0.000297041
147.6,-0.000945897,0.000261901
147.7,-0.001041598,0.000319723
147.8,-0.000895228,0.000239138
147.9,-0.001117802,0.000317932
148,-0.000880286,0.000236075
148.1,-0.001144984,0.000328426
148.2,-0.000851569,0.000234908
148.3,-0.001145564,0.000351026
148.4,-0.000846284,0.000236516
148.5,-0.001120603,0.000318315
148.6,-0.000887694,0.000242137
148.7,-0.001125709,0.000318716
148.8,-0.000951791,0.000268375
148.9,-0.001058185,0.000304705
149,-0.000994166,0.000291711
149.1,-0.000997815,0.000256238
149.2,-0.001058628,0.00030524
149.3,-0.000945931,0.000251088
149.4,-0.001119123,0.000328576
149.5,-0.000925556,0.000250354
149.6,-0.001152068,0.000347414
149.7,-0.000853253,0.000226997
149.8,-0.001176567,0.000350265
149.9,-0.000870364,0.000227647
150,-0.001176287,0.000359414
150.1,-0.000867897,0.00023437
150.2,-0.001136041,0.000343169
150.3,-0.000913481,0.000258554
150.4,-0.001084448,0.000304563
150.5,-0.000974887,0.000287043
150.6,-0.001025281,0.000291779
150.7,-0.001045508,0.000313157
150.8,-0.000973994,0.000281014
150.9,-0.001083113,0.000340055
151,-0.000902529,0.000249316
151.1,-0.001143194,0.000343285
151.2,-0.000892163,0.000252079
151.3,-0.001164164,0.000352988
151.4,-0.000864455,0.000252042
151.5,-0.001156544,0.000369366
151.6,-0.000864585,0.000250765
151.7,-0.001121718,0.000340898
151.8,-0.000907386,0.000257656
151.9,-0.001113912,0.000335335
152,-0.000962024,0.00027929
152.1,-0.001054134,0.000322681
152.2,-0.000999266,0.000310028
152.3,-0.000971972,0.000274885
152.4,-0.001074838,0.000317677
152.5,-0.000946624,0.000267281
152.6,-0.001128933,0.000340049
152.7,-0.000900788,0.000250777
152.8,-0.001147173,0.000358902
152.9,-0.000860308,0.000221269
153,-0.001163556,0.000339702
153.1,-0.000860084,0.000224015
153.2,-0.001150466,0.000339293
153.3,-0.000903366,0.000245019
153.4,-0.001096374,0.000320474
153.5,-0.000932662,0.00026018
153.6,-0.001064268,0.000288658
153.7,-0.000991061,0.000268805
153.8,-0.000995561,0.000273925
153.9,-0.001048716,0.00030362
154,-0.000952415,0.000255429
154.1,-0.001088332,0.000334962
154.2,-0.000882949,0.000227144
154.3,-0.001144418,0.000335353
154.4,-0.000872209,0.000222102
154.5,-0.001167699,0.000349609
154.6,-0.00086969,0.000231247
154.7,-0.001147449,0.000356762
154.8,-0.000862192,0.000246416
154.9,-0.001115468,0.000326686
155,-0.000911548,0.00026476
155.1,-0.001097131,0.000326417
155.2,-0.000979447,0.000284621
155.3,-0.001017418,0.000309065
155.4,-0.001008424,0.000314052
155.5,-0.000956104,0.000275627
155.6,-0.001073937,0.0003221
155.7,-0.000916075,0.000267959
155.8,-0.00111364,0.000344317
155.9,-0.000865072,0.000249465
156,-0.001138024,0.000376882
156.1,-0.000838226,0.000232295
156.2,-0.001134837,0.000361213
156.3,-0.00084369,0.000247626
156.4,-0.001141148,0.000366777
156.5,-0.000887081,0.000269126
156.6,-0.001075649,0.000332895
156.7,-0.000905143,0.000284047
156.8,-0.001030824,0.000302149
156.9,-0.000989696,0.000302554
157,-0.000966054,0.000291404
157.1,-0.001044209,0.000325296
157.2,-0.000905219,0.000268366
157.3,-0.001082051,0.000345283
157.4,-0.000864139,0.000241981
157.5,-0.001116312,0.000347874
157.6,-0.000843494,0.000236393
157.7,-0.001150092,0.000351082
157.8,-0.000834755,0.000235283
157.9,-0.001123708,0.000355435
158,-0.000840871,0.000247319
158.1,-0.001093509,0.000324501
158.2,-0.000901562,0.000270204
158.3,-0.001040223,0.00031517
158.4,-0.000966115,0.000285047
158.5,-0.000996876,0.000312385
158.6,-0.001006177,0.000329254
158.7,-0.000943413,0.000275136
158.8,-0.001061507,0.000326132
158.9,-0.000897214,0.000256255
159,-0.00114408,0.000372482
159.1,-0.000861564,0.000248235
159.2,-0.001147566,0.000374268
159.3,-0.000831823,0.000246695
159.4,-0.00114138,0.000347465
159.5,-0.000870019,0.000246365
159.6,-0.001120391,0.000342753
159.7,-0.000912724,0.000279572
159.8,-0.001076662,0.000331703
159.9,-0.00095234,0.000288802
160,-0.001026159,0.000294843
160.1,-0.001019847,0.000300839
160.2,-0.000964273,0.000276529
160.3,-0.001087172,0.000332857
160.4,-0.000910223,0.00026167
160.5,-0.001117123,0.000352144
160.6,-0.000862088,0.000224445
160.7,-0.001152877,0.000344479
160.8,-0.000842658,0.00022996
160.9,-0.001145049,0.00034651
161,-0.000888447,0.00022841
161.1,-0.001120297,0.000339471
161.2,-0.000858988,0.000239425
161.3,-0.001108,0.000303685
161.4,-0.000937314,0.000255121
161.5,-0.001065673,0.00029431
161.6,-0.001016861,0.000288993
161.7,-0.00098855,0.000280053
161.8,-0.00104355,0.000308017
161.9,-0.000935102,0.000245352
162,-0.001103262,0.000313125
162.1,-0.000893501,0.000234545
162.2,-0.001150203,0.000330347
162.3,-0.000868369,0.000220948
162.4,-0.001142646,0.000349113
162.5,-0.000851279,0.000229689
162.6,-0.001159286,0.000345021
162.7,-0.000892446,0.000247013
162.8,-0.001109439,0.000333908
162.9,-0.000936076,0.000270225
163,-0.001075112,0.00033133
163.1,-0.000971528,0.000301255
163.2,-0.00100331,0.000286921
163.3,-0.001044632,0.000318449
163.4,-0.000951646,0.000283826
163.5,-0.001117347,0.000351311
163.6,-0.000892022,0.00025583
163.7,-0.001136489,0.000358493
163.8,-0.000871506,0.000241269
163.9,-0.001184812,0.000362039
164,-0.000873025,0.000239939
164.1,-0.001180283,0.000361927
164.2,-0.000907684,0.000256103
164.3,-0.001127903,0.000334375
164.4,-0.000909289,0.000248713
164.5,-0.001089376,0.000297485
164.6,-0.000977592,0.00027443
164.7,-0.001036563,0.000293408
164.8,-0.00105258,0.000307841
164.9,-0.000959004,0.000264591
165,-0.001079423,0.000321512
165.1,-0.000899773,0.00023788
165.2,-0.001124739,0.000331465
165.3,-0.000870891,0.000233082
165.4,-0.001168799,0.000337481
165.5,-0.000845927,0.000220225
165.6,-0.001135223,0.000359003
165.7,-0.000847675,0.000232761
165.8,-0.001125494,0.000321511
165.9,-0.000884062,0.000236978
166,-0.00107839,0.000312687
166.1,-0.000926943,0.000260056
166.2,-0.001004948,0.00028769
166.3,-0.000984859,0.000298989
166.4,-0.000923699,0.000252537
166.5,-0.001039043,0.000299273
166.6,-0.000885813,0.000233268
166.7,-0.001080424,0.000324281
166.8,-0.000831778,0.000219895
166.9,-0.001097029,0.000341737
167,-0.000820534,0.000199754
167.1,-0.001103777,0.000315983
167.2,-0.000816973,0.000213437
167.3,-0.001099296,0.000330218
167.4,-0.00085127,0.000230716
167.5,-0.001053305,0.000310228
167.6,-0.000893522,0.00026019
167.7,-0.001003222,0.000286158
167.8,-0.000946795,0.000261513
167.9,-0.000958109,0.000262672
168,-0.001012241,0.000293558
168.1,-0.000893009,0.000246691
168.2,-0.001053272,0.000331611
168.3,-0.000852846,0.000217957
168.4,-0.001119953,0.000335222
168.5,-0.000827019,0.000229466
168.6,-0.001134065,0.000346141
168.7,-0.000829762,0.000222769
168.8,-0.001124376,0.000356564
168.9,-0.00085037,0.000255257
169,-0.001099032,0.000327465
169.1,-0.000897974,0.000257179
169.2,-0.00106866,0.000305954
169.3,-0.000964456,0.000295165
169.4,-0.000983418,0.000300131
169.5,-0.001004003,0.000325033
169.6,-0.000935651,0.000267104
169.7,-0.001074797,0.000326982
169.8,-0.000874887,0.000247268
169.9,-0.001123138,0.000347394
170,-0.000855132,0.00023482
170.1,-0.001131234,0.000366967
170.2,-0.000833742,0.000238737
170.3,-0.001132708,0.00034413
170.4,-0.000867099,0.000246433
170.5,-0.001120888,0.000352713
170.6,-0.000891582,0.000259508
170.7,-0.001078587,0.000337618
170.8,-0.000919794,0.000281868
170.9,-0.001010587,0.000278515
171,-0.00098313,0.000297416
171.1,-0.000939147,0.000269013
171.2,-0.001057404,0.00032017
171.3,-0.000889185,0.000251541
171.4,-0.001061175,0.000336504
171.5,-0.000820794,0.000228644
171.6,-0.001121614,0.000325645
171.7,-0.000820801,0.000226668
171.8,-0.001139191,0.000334314
171.9,-0.000841471,0.000228103
172,-0.001084798,0.000327641
172.1,-0.000841768,0.000222342
172.2,-0.001073776,0.000302088
172.3,-0.000887731,0.000231445
172.4,-0.001021358,0.000280218
172.5,-0.000943686,0.000250605
172.6,-0.000951866,0.000259175
172.7,-0.000990237,0.000287826
172.8,-0.000907182,0.000230136
172.9,-0.001083378,0.000303334
173,-0.000870226,0.000218735
173.1,-0.001107483,0.000323835
173.2,-0.000817852,0.000212157
173.3,-0.001137601,0.000349562
173.4,-0.000830464,0.00022385
173.5,-0.001141577,0.000325136
173.6,-0.000842445,0.000223754
173.7,-0.001120755,0.00032236
173.8,-0.00090191,0.000247488
173.9,-0.001087752,0.000318087
174,-0.000973392,0.000270086
174.1,-0.001023466,0.000270884
174.2,-0.001033919,0.000294504
174.3,-0.000992739,0.000267897
174.4,-0.001110323,0.000317644
174.5,-0.000924573,0.000254382
174.6,-0.001129578,0.000334809
174.7,-0.000886293,0.000236705
174.8,-0.001188615,0.000347463
174.9,-0.000867512,0.00023251
175,-0.001178455,0.000355204
175.1,-0.000893883,0.000254332
175.2,-0.001123802,0.000353008
175.3,-0.000884794,0.000259349
175.4,-0.001098811,0.000325964
175.5,-0.000964779,0.000273618
175.6,-0.001071119,0.000309278
175.7,-0.001014401,0.000285235
175.8,-0.000990289,0.000274293
175.9,-0.001037809,0.000316073
176,-0.000942552,0.000249986
176.1,-0.00111746,0.000316257
176.2,-0.0008913,0.00023787
176.3,-0.001173252,0.000344107
176.4,-0.000867718,0.000222286
176.5,-0.001160003,0.000364791
176.6,-0.000852773,0.00023557
176.7,-0.001150247,0.000343415
176.8,-0.000871034,0.000249082
176.9,-0.001122525,0.000358164
177,-0.000895971,0.000275138
177.1,-0.001073777,0.000336547
177.2,-0.000960632,0.000308898
177.3,-0.000992313,0.000281858
177.4,-0.001010991,0.00030144
177.5,-0.000930583,0.000264955
177.6,-0.001087791,0.000325996
177.7,-0.000859043,0.000226684
177.8,-0.001080079,0.000336355
177.9,-0.000813605,0.000209607
178,-0.001130651,0.000333519
178.1,-0.000823067,0.000217331
178.2,-0.001143238,0.000344407
178.3,-0.000855065,0.000233764
178.4,-0.001117361,0.000338584
178.5,-0.000875085,0.000243795
178.6,-0.001071724,0.000305522
178.7,-0.000968178,0.000265449
178.8,-0.001057009,0.000294596
178.9,-0.001028366,0.000292992
179,-0.001005298,0.000271746
179.1,-0.001065613,0.00032267
179.2,-0.000943047,0.00025883
179.3,-0.001139251,0.000342619
179.4,-0.000889627,0.000247129
179.5,-0.001144405,0.000353191
179.6,-0.000865323,0.000244207
179.7,-0.00114188,0.000364568
179.8,-0.000853473,0.000237991
179.9,-0.001161784,0.000341758
180,-0.000902747,0.000238533
180.1,-0.001149925,0.000329504
180.2,-0.000937525,0.000252771
180.3,-0.001086785,0.000314708
180.4,-0.000954182,0.000272218
180.5,-0.00103648,0.000270322
180.6,-0.001056091,0.000307222
180.7,-0.000962203,0.00026015
180.8,-0.001113044,0.000334556
180.9,-0.000916105,0.000259109
181,-0.001140324,0.000361796
181.1,-0.000883244,0.000242955
181.2,-0.001174694,0.000367831
181.3,-0.000865257,0.000249492
181.4,-0.001170203,0.000376926
181.5,-0.000883146,0.000271391
181.6,-0.001127558,0.000352624
181.7,-0.000902329,0.000277317
181.8,-0.001084702,0.000318922
181.9,-0.000945626,0.000278965
182,-0.00103666,0.000293646
182.1,-0.001027836,0.000307219
182.2,-0.000951282,0.000275296
182.3,-0.001060222,0.000316847
182.4,-0.000860687,0.000236463
182.5,-0.001116966,0.000321173
182.6,-0.00082935,0.000219905
182.7,-0.001146594,0.000329442
182.8,-0.000848501,0.000219348
182.9,-0.001157968,0.000345363
183,-0.000867229,0.000230934
183.1,-0.001149255,0.000321942
183.2,-0.000898033,0.000243911
183.3,-0.001109681,0.000311913
183.4,-0.000969859,0.000268119
183.5,-0.001045225,0.000301241
183.6,-0.00100233,0.000296954
183.7,-0.0010118,0.000273869
183.8,-0.00110575,0.000309729
183.9,-0.000977319,0.000260103
184,-0.001227103,0.000348383
184.1,-0.000936063,0.000244278
184.2,-0.001244001,0.000377293
184.3,-0.0009078,0.00023403
184.4,-0.001257964,0.000366846
184.5,-0.000963074,0.000247194
184.6,-0.001254703,0.000370567
184.7,-0.001007662,0.000271233
184.8,-0.001214927,0.000361905
184.9,-0.001087631,0.000308065
185,-0.001184071,0.00033399
185.1,-0.001156988,0.000318303
185.2,-0.001139791,0.000312838
185.3,-0.001246965,0.000358666
185.4,-0.001070133,0.000282954
185.5,-0.001304813,0.00038981
185.6,-0.000998658,0.000256524
185.7,-0.00133799,0.000389448
185.8,-0.001016594,0.000266934
185.9,-0.001370952,0.000408864
186,-0.00105118,0.000293319
186.1,-0.001338204,0.000403505
186.2,-0.001106763,0.000310034
186.3,-0.001270419,0.000364517
186.4,-0.001179551,0.0003388
186.5,-0.00120424,0.000337372
186.6,-0.001296082,0.000390712
186.7,-0.001118531,0.000309493
186.8,-0.001360507,0.00042757
186.9,-0.001092002,0.000293358
187,-0.001438874,0.000429422
187.1,-0.001081984,0.000287562
187.2,-0.001447492,0.000452246
187.3,-0.001110716,0.000300196
187.4,-0.00138934,0.000432128
187.5,-0.001155382,0.000335408
187.6,-0.001316388,0.000376465
187.7,-0.001246511,0.000365845
187.8,-0.001269988,0.000360409
187.9,-0.001362544,0.000408786
188,-0.00120871,0.00034382
188.1,-0.001416857,0.000439831
188.2,-0.001127882,0.000301456
188.3,-0.001494572,0.000461144
188.4,-0.001120851,0.000298296
188.5,-0.001475922,0.000451725
188.6,-0.001128685,0.000313768
188.7,-0.001439774,0.000436589
188.8,-0.001220149,0.000344021
188.9,-0.001411197,0.000408432
189,-0.001336158,0.000377618
189.1,-0.001314105,0.000369502
189.2,-0.001430534,0.000437433
189.3,-0.001236026,0.000342309
189.4,-0.001485456,0.000465761
189.5,-0.001154625,0.000308446
189.6,-0.001525988,0.000463362
189.7,-0.001172027,0.000312827
189.8,-0.001540071,0.000470612
189.9,-0.001239364,0.00033761
190,-0.001489657,0.000453245
190.1,-0.001313587,0.000391955
190.2,-0.001401779,0.00039894
190.3,-0.001436053,0.000418397
190.4,-0.001307647,0.000362426
190.5,-0.001528855,0.000465648
190.6,-0.00124096,0.000338373
190.7,-0.001561894,0.000489485
190.8,-0.001210907,0.000327571
190.9,-0.001592827,0.000481424
191,-0.00127857,0.000338371
191.1,-0.001581303,0.000466319
191.2,-0.001343003,0.000368537
191.3,-0.001487628,0.00044192
191.4,-0.001412148,0.000419875
191.5,-0.00136996,0.000369808
191.6,-0.001530134,0.000441086
191.7,-0.001302322,0.000346128
191.8,-0.00165639,0.00049589
191.9,-0.001293002,0.000328354
192,-0.001613919,0.000489391
192.1,-0.001278748,0.00034375
192.2,-0.001589795,0.000472869
192.3,-0.001361258,0.000367339
192.4,-0.001560874,0.000450957
192.5,-0.001464722,0.000418953
192.6,-0.001419432,0.000390403
192.7,-0.0015272,0.000464149
192.8,-0.001332336,0.00035964
192.9,-0.001642555,0.000490654
193,-0.001308272,0.000338482
193.1,-0.001706813,0.00051927
193.2,-0.001305407,0.000345698
193.3,-0.001646672,0.000504594
193.4,-0.001301761,0.000361985
193.5,-0.001535992,0.0004349
193.6,-0.001408508,0.0003868
193.7,-0.001456401,0.000411553
193.8,-0.001580169,0.00047155
193.9,-0.001353364,0.000365049
194,-0.001622704,0.000505392
194.1,-0.001259677,0.000325995
194.2,-0.001660755,0.000504759
194.3,-0.001275348,0.000331845
194.4,-0.00165334,0.000497403
194.5,-0.001349605,0.000364012
194.6,-0.001546978,0.000453134
194.7,-0.001445311,0.000415544
194.8,-0.001457049,0.000407129
194.9,-0.001523598,0.000447922
195,-0.00136674,0.000350096
195.1,-0.001652773,0.000485399
195.2,-0.001311943,0.000343365
195.3,-0.001673094,0.000526649
195.4,-0.00129609,0.000356537
195.5,-0.001600338,0.000475539
195.6,-0.001357652,0.000368768
195.7,-0.001601311,0.000477034
195.8,-0.001505016,0.000446541
195.9,-0.001491958,0.000426461
196,-0.001626702,0.00050514
196.1,-0.001358029,0.000379881
196.2,-0.001732322,0.000544495
196.3,-0.001344838,0.000368936
196.4,-0.001772446,0.000569484
196.5,-0.001387405,0.000393105
196.6,-0.001722372,0.000547689
196.7,-0.001455762,0.000441255
196.8,-0.001598513,0.000492148
196.9,-0.001643532,0.000499517
197,-0.001510728,0.000439007
197.1,-0.001767387,0.000563226
197.2,-0.001385543,0.000391647
197.3,-0.001809511,0.000588753
197.4,-0.001348431,0.000371714
197.5,-0.001825812,0.000567171
197.6,-0.001457375,0.000401788
197.7,-0.001756236,0.000533765
197.8,-0.00152723,0.000432322
197.9,-0.001631807,0.00049189
198,-0.00166715,0.000508535
198.1,-0.001497021,0.000421123
198.2,-0.001826489,0.000557097
198.3,-0.001476177,0.000391775
198.4,-0.001893642,0.000587432
198.5,-0.001469123,0.000395916
198.6,-0.001807877,0.000559701
198.7,-0.001476059,0.000408576
198.8,-0.001763676,0.00050567
198.9,-0.001663228,0.000480826
199,-0.001669918,0.000476524
199.1,-0.001749511,0.000534775
199.2,-0.001497567,0.000398761
199.3,-0.001901448,0.000607815
199.4,-0.001455976,0.000393563
199.5,-0.0018927,0.000573485
199.6,-0.001520565,0.00040125
199.7,-0.001836878,0.000550297
199.8,-0.001652402,0.000469954
199.9,-0.001705626,0.000498357
200,-0.001672564,0.000500144
200.1,-0.001556898,0.000418925
200.2,-0.00185542,0.000561437
200.3,-0.001533619,0.000402699
200.4,-0.001950698,0.000608555
200.5,-0.001507451,0.000404059
200.6,-0.001882915,0.000586579
200.7,-0.001557086,0.000432288
200.8,-0.001770029,0.000513893
200.9,-0.001710542,0.00049259
201,-0.001607138,0.000446271
201.1,-0.001914784,0.000594482
201.2,-0.001558323,0.000421186
201.3,-0.001911503,0.00060495
201.4,-0.00148037,0.000390996
201.5,-0.001920088,0.00058278
201.6,-0.00154572,0.000416438
201.7,-0.001858757,0.000552325
201.8,-0.001713912,0.000495439
201.9,-0.001694611,0.000489682
202,-0.001840383,0.000570799
202.1,-0.001571072,0.000427295
202.2,-0.001920786,0.000594837
202.3,-0.001538161,0.000399097
202.4,-0.001996454,0.000628794
202.5,-0.001551244,0.000415935
202.6,-0.001898356,0.000594362
202.7,-0.001675358,0.000480531
202.8,-0.001743274,0.000504136
202.9,-0.001829153,0.000537501
203,-0.001638544,0.000464327
203.1,-0.001924822,0.000596812
203.2,-0.001582546,0.000434047
203.3,-0.001976749,0.000637795
203.4,-0.001536432,0.000431315
203.5,-0.001925556,0.000610086
203.6,-0.001660726,0.000477929
203.7,-0.001827545,0.000555255
203.8,-0.001799661,0.000548823
203.9,-0.0016584,0.000477319
204,-0.00193788,0.000615152
204.1,-0.001542724,0.000412268
204.2,-0.002006985,0.000638091
204.3,-0.001588559,0.0004258
204.4,-0.001974037,0.000622477
204.5,-0.001638874,0.000460077
204.6,-0.001855099,0.000576895
204.7,-0.001798814,0.000545643
204.8,-0.001724386,0.000505386
204.9,-0.001898526,0.000576728
205,-0.001643318,0.000447953
205.1,-0.002038705,0.000664479
205.2,-0.00158131,0.000433731
205.3,-0.002001476,0.000634429
205.4,-0.001611281,0.000452317
205.5,-0.001880275,0.000558188
205.6,-0.001725048,0.000509104
205.7,-0.001784941,0.000517515
205.8,-0.001928066,0.00059518
205.9,-0.001668149,0.000462703
206,-0.002013331,0.000651311
206.1,-0.001567802,0.00042699
206.2,-0.001998623,0.000619597
206.3,-0.001629333,0.000441893
206.4,-0.001957002,0.000590797
206.5,-0.001801096,0.000531227
206.6,-0.001809495,0.00053189
206.7,-0.001880591,0.000587741
206.8,-0.0016402,0.000451063
206.9,-0.002045536,0.000641655
207,-0.001607251,0.000427189
207.1,-0.002080118,0.000658468
207.2,-0.001650752,0.000453849
207.3,-0.001984932,0.000623661
207.4,-0.001710081,0.000501439
207.5,-0.001811472,0.000531078
207.6,-0.001898941,0.000558004
207.7,-0.001694771,0.000474233
207.8,-0.002047524,0.000641348
207.9,-0.001636786,0.000440534
208,-0.002051964,0.000661745
208.1,-0.00161843,0.000440113
208.2,-0.001955481,0.000597843
208.3,-0.001760418,0.000506558
208.4,-0.001851533,0.000560445
208.5,-0.001927161,0.000606268
208.6,-0.001684556,0.000479988
208.7,-0.002036236,0.000661966
208.8,-0.001572366,0.000423611
208.9,-0.002039192,0.000642066
209,-0.00159009,0.000432244
209.1,-0.002017409,0.000626917
209.2,-0.001754556,0.000509246
209.3,-0.001850469,0.000568582
209.4,-0.001872073,0.00059339
209.5,-0.001677778,0.000486257
209.6,-0.002024974,0.000646244
209.7,-0.001639853,0.000458027
